{
	"providers": {
		"awscloudformation": {
			"AuthRoleName": "amplify-wardlaw-dev-160605-authRole",
			"UnauthRoleArn": "arn:aws:iam::679967730538:role/amplify-wardlaw-dev-160605-unauthRole",
			"AuthRoleArn": "arn:aws:iam::679967730538:role/amplify-wardlaw-dev-160605-authRole",
			"Region": "us-east-1",
			"DeploymentBucketName": "amplify-wardlaw-dev-160605-deployment",
			"UnauthRoleName": "amplify-wardlaw-dev-160605-unauthRole",
			"StackName": "amplify-wardlaw-dev-160605",
			"StackId": "arn:aws:cloudformation:us-east-1:679967730538:stack/amplify-wardlaw-dev-160605/cb3b7900-6128-11ea-af42-12217e59f19f",
			"AmplifyAppId": "d2ptpy61yirttb"
		}
	},
	"auth": {
		"wardlawc980720c": {
			"service": "Cognito",
			"providerPlugin": "awscloudformation",
			"dependsOn": [],
			"customAuth": false,
			"providerMetadata": {
				"s3TemplateURL": "https://s3.amazonaws.com/amplify-wardlaw-dev-160605-deployment/amplify-cfn-templates/auth/wardlawc980720c-cloudformation-template.yml",
				"logicalId": "authwardlawc980720c"
			},
			"lastPushTimeStamp": "2020-03-08T11:04:35.313Z",
			"output": {
				"AppClientSecret": "13f8c4uo6gk7jkhapkjufo105jnca4judpn836clgn59jl46q2n0",
				"UserPoolId": "us-east-1_yqtM2eu7D",
				"AppClientIDWeb": "69ihgpmuog4h9t1c834nsmoh81",
				"AppClientID": "20cvn4241qpi8mub4s8k0ka4ca",
				"HostedUIDomain": "wardlawc980720c-c980720c-dev",
				"IdentityPoolId": "us-east-1:790d06aa-c15a-4033-98f9-ab711707ed6b",
				"IdentityPoolName": "wardlawc980720c_identitypool_c980720c__dev",
				"OAuthMetadata": "{\"AllowedOAuthFlows\":[\"code\"],\"AllowedOAuthScopes\":[\"phone\",\"email\",\"openid\",\"profile\",\"aws.cognito.signin.user.admin\"],\"CallbackURLs\":[\"http://localhost:3000/\"],\"LogoutURLs\":[\"http://localhost:3000/\"]}",
				"UserPoolName": "wardlawc980720c_userpool_c980720c"
			},
			"lastPushDirHash": "mn1fY8YA7u85ROa7VarBXfihGi0="
		}
	}
}