{
	"providers": {
		"awscloudformation": {
			"AuthRoleName": "amplify-wardlaw-dev-test-165516-authRole",
			"UnauthRoleArn": "arn:aws:iam::679967730538:role/amplify-wardlaw-dev-test-165516-unauthRole",
			"AuthRoleArn": "arn:aws:iam::679967730538:role/amplify-wardlaw-dev-test-165516-authRole",
			"Region": "us-east-1",
			"DeploymentBucketName": "amplify-wardlaw-dev-test-165516-deployment",
			"UnauthRoleName": "amplify-wardlaw-dev-test-165516-unauthRole",
			"StackName": "amplify-wardlaw-dev-test-165516",
			"StackId": "arn:aws:cloudformation:us-east-1:679967730538:stack/amplify-wardlaw-dev-test-165516/5b120700-6454-11ea-bab5-0a3bc12b2732",
			"AmplifyAppId": "d3rmly653vims7"
		}
	},
	"auth": {
		"wardlawdeva2b7d06f": {
			"service": "Cognito",
			"providerPlugin": "awscloudformation",
			"dependsOn": [],
			"customAuth": false,
			"providerMetadata": {
				"s3TemplateURL": "https://s3.amazonaws.com/amplify-wardlaw-dev-test-165516-deployment/amplify-cfn-templates/auth/wardlawdeva2b7d06f-cloudformation-template.yml",
				"logicalId": "authwardlawdeva2b7d06f"
			},
			"lastPushTimeStamp": "2020-03-12T11:31:06.921Z",
			"output": {
				"AppClientSecret": "1vl98f0bil11ri4bmeh2ed2i022ss68qrsb959a6d9e3a7upkg7r",
				"UserPoolId": "us-east-1_EhJPikRkz",
				"AppClientIDWeb": "40f6cvddkcfu7rmot4p6kioo4b",
				"AppClientID": "1hsipncj51chtvgi6bh4g0s5sm",
				"HostedUIDomain": "wardlawdeva2b7d06f-a2b7d06f-test",
				"IdentityPoolId": "us-east-1:450a39b0-4875-4f2b-b730-22f64cce298f",
				"IdentityPoolName": "wardlawdeva2b7d06f_identitypool_a2b7d06f__test",
				"OAuthMetadata": "{\"AllowedOAuthFlows\":[\"code\"],\"AllowedOAuthScopes\":[\"phone\",\"email\",\"openid\",\"profile\",\"aws.cognito.signin.user.admin\"],\"CallbackURLs\":[\"http://localhost:3000/\"],\"LogoutURLs\":[\"http://localhost:3000/dashboard/\"]}",
				"UserPoolName": "wardlawdeva2b7d06f_userpool_a2b7d06f"
			},
			"lastPushDirHash": "47p7tF8HEZjG6+btUVwkXCgIHWQ="
		}
	}
}