{
    "dev": {
        "awscloudformation": {
            "AuthRoleName": "amplify-wardlaw-dev-dev-163620-authRole",
            "UnauthRoleArn": "arn:aws:iam::733119879492:role/amplify-wardlaw-dev-dev-163620-unauthRole",
            "AuthRoleArn": "arn:aws:iam::733119879492:role/amplify-wardlaw-dev-dev-163620-authRole",
            "Region": "us-east-1",
            "DeploymentBucketName": "amplify-wardlaw-dev-dev-163620-deployment",
            "UnauthRoleName": "amplify-wardlaw-dev-dev-163620-unauthRole",
            "StackName": "amplify-wardlaw-dev-dev-163620",
            "StackId": "arn:aws:cloudformation:us-east-1:733119879492:stack/amplify-wardlaw-dev-dev-163620/b71d22d0-6451-11ea-8e27-12342204bca9",
            "AmplifyAppId": "d3mudqi6oh0146"
        },
        "categories": {
            "auth": {
                "wardlawdeva2b7d06f": {
                    "hostedUIProviderCreds": "[{\"ProviderName\":\"Google\",\"client_id\":\"527778263490-la99icuk6ka7q08fs3dvqo2r07i1f2o4.apps.googleusercontent.com\",\"client_secret\":\"lOGaPNZ4dXZr3qd0JF3k3BJ4\"}]"
                }
            }
        }
    },
    "test": {
        "awscloudformation": {
            "AuthRoleName": "amplify-wardlaw-dev-test-165516-authRole",
            "UnauthRoleArn": "arn:aws:iam::679967730538:role/amplify-wardlaw-dev-test-165516-unauthRole",
            "AuthRoleArn": "arn:aws:iam::679967730538:role/amplify-wardlaw-dev-test-165516-authRole",
            "Region": "us-east-1",
            "DeploymentBucketName": "amplify-wardlaw-dev-test-165516-deployment",
            "UnauthRoleName": "amplify-wardlaw-dev-test-165516-unauthRole",
            "StackName": "amplify-wardlaw-dev-test-165516",
            "StackId": "arn:aws:cloudformation:us-east-1:679967730538:stack/amplify-wardlaw-dev-test-165516/5b120700-6454-11ea-bab5-0a3bc12b2732",
            "AmplifyAppId": "d3rmly653vims7"
        },
        "categories": {
            "auth": {
                "wardlawdeva2b7d06f": {
                    "hostedUIProviderCreds": "[{\"ProviderName\":\"Google\",\"client_id\":\"527778263490-la99icuk6ka7q08fs3dvqo2r07i1f2o4.apps.googleusercontent.com\",\"client_secret\":\"lOGaPNZ4dXZr3qd0JF3k3BJ4\"}]"
                }
            }
        }
    }
}