{
    "dev": {
        "awscloudformation": {
            "AuthRoleName": "amplify-wardlaw-dev-160605-authRole",
            "UnauthRoleArn": "arn:aws:iam::679967730538:role/amplify-wardlaw-dev-160605-unauthRole",
            "AuthRoleArn": "arn:aws:iam::679967730538:role/amplify-wardlaw-dev-160605-authRole",
            "Region": "us-east-1",
            "DeploymentBucketName": "amplify-wardlaw-dev-160605-deployment",
            "UnauthRoleName": "amplify-wardlaw-dev-160605-unauthRole",
            "StackName": "amplify-wardlaw-dev-160605",
            "StackId": "arn:aws:cloudformation:us-east-1:679967730538:stack/amplify-wardlaw-dev-160605/cb3b7900-6128-11ea-af42-12217e59f19f",
            "AmplifyAppId": "d2ptpy61yirttb"
        },
        "categories": {
            "auth": {
                "wardlawc980720c": {
                    "hostedUIProviderCreds": "[{\"ProviderName\":\"Google\",\"client_id\":\"527778263490-la99icuk6ka7q08fs3dvqo2r07i1f2o4.apps.googleusercontent.com\",\"client_secret\":\"lOGaPNZ4dXZr3qd0JF3k3BJ4\"}]"
                }
            }
        }
    }
}